{
  "posts": [
    {
      "title": "yamini",
      "body": "sdg",
      "image": "https://th.bing.com/th/id/R.e5e1ee97efb60c85d7b8ee5a007183df?rik=BBHVxDKM6ojH5A&riu=http%3a%2f%2fhdwpro.com%2fwp-content%2fuploads%2f2016%2f02%2fCool-Pink-Flower-1620x1080.jpg&ehk=I1QYVm6SivG%2bcxjY%2fUhmQj0a6HFBuaDu4uC1dYsQEGM%3d&risl=&pid=ImgRaw&r=0",
      "id": 2
    },
    {
      "title": "dssd",
      "body": "sxa",
      "image": "https://www.bing.com/th?id=OIP.0HdDTf6DJxiUT4FHjEK9EgHaFj&w=288&h=216&c=8&rs=1&qlt=90&o=6&dpr=1.25&pid=3.1&rm=2",
      "id": 3
    },
    {
      "title": "smiya",
      "body": "sssssssssssmiysa",
      "image": "https://www.bing.com/th?id=OIP.0HdDTf6DJxiUT4FHjEK9EgHaFj&w=288&h=216&c=8&rs=1&qlt=90&o=6&dpr=1.25&pid=3.1&rm=2",
      "id": 4
    },
    {
      "title": "df",
      "body": "df",
      "image": "https://www.bing.com/th?id=OIP.0HdDTf6DJxiUT4FHjEK9EgHaFj&w=288&h=216&c=8&rs=1&qlt=90&o=6&dpr=1.25&pid=3.1&rm=2",
      "id": 5
    },
    {
      "title": "praneetha",
      "body": "praneetha",
      "image": "https://th.bing.com/th/id/R.e5e1ee97efb60c85d7b8ee5a007183df?rik=BBHVxDKM6ojH5A&riu=http%3a%2f%2fhdwpro.com%2fwp-content%2fuploads%2f2016%2f02%2fCool-Pink-Flower-1620x1080.jpg&ehk=I1QYVm6SivG%2bcxjY%2fUhmQj0a6HFBuaDu4uC1dYsQEGM%3d&risl=&pid=ImgRaw&r=0",
      "id": 6
    },
    {
      "title": "smita",
      "body": "smita",
      "image": "https://th.bing.com/th/id/R.e5e1ee97efb60c85d7b8ee5a007183df?rik=BBHVxDKM6ojH5A&riu=http%3a%2f%2fhdwpro.com%2fwp-content%2fuploads%2f2016%2f02%2fCool-Pink-Flower-1620x1080.jpg&ehk=I1QYVm6SivG%2bcxjY%2fUhmQj0a6HFBuaDu4uC1dYsQEGM%3d&risl=&pid=ImgRaw&r=0",
      "id": 7
    },
    {
      "title": "dfgrdth",
      "body": "dfgtyh",
      "image": "C:\\fakepath\\netflixback.jpg",
      "id": 8
    }
  ],
  "comments": [],
  "profile": {
    "name": "typicode"
  }
}